t_s,vol_est_mL,raw_cm
0.11,0.0037,8.71
0.31,0.0103,8.71
0.51,0.0169,8.71
0.71,0.0235,8.25
0.90,0.0301,8.25
1.10,0.0367,8.27
1.30,0.0433,8.35
1.50,0.0499,8.37
1.70,0.0565,8.35
1.89,0.0631,8.25
2.09,0.0697,8.25
2.29,0.0763,8.25
2.49,0.0830,8.37
2.69,0.0895,8.37
2.88,0.0961,8.35
3.08,0.1027,8.27
3.28,0.1094,8.25
3.48,0.1160,8.35
3.68,0.1226,8.35
3.87,0.1292,8.35
4.07,0.1358,8.25
4.27,0.1424,8.25
4.47,0.1490,8.27
4.67,0.1556,9.38
4.87,0.1622,9.38
5.06,0.1688,9.38
5.26,0.1754,9.38
5.46,0.1820,9.38
5.66,0.1886,9.28
5.86,0.1952,9.28
6.05,0.2018,9.28
6.25,0.2084,9.28
6.45,0.2150,9.38
6.65,0.2216,9.38
6.85,0.2282,9.38
7.04,0.2348,9.38
7.24,0.2414,9.28
7.44,0.2480,9.28
7.64,0.2546,9.28
7.84,0.2612,9.28
8.03,0.2678,9.28
8.23,0.2744,9.38
8.43,0.2810,9.06
8.63,0.2876,9.06
8.83,0.2942,9.06
9.03,0.3008,8.95
9.22,0.3075,8.94
9.42,0.3141,8.95
9.62,0.3206,9.06
9.82,0.3272,9.06
10.02,0.3339,9.06
10.21,0.3405,9.04
10.41,0.3471,8.95
10.61,0.3537,8.94
10.81,0.3603,8.94
11.01,0.3669,8.95
11.20,0.3735,9.06
11.40,0.3801,9.04
11.60,0.3867,9.06
11.80,0.3933,8.95
12.00,0.3999,8.95
12.19,0.4065,8.95
12.39,0.4131,8.94
12.59,0.4197,9.04
12.79,0.4263,9.06
12.99,0.4329,9.04
13.19,0.4395,9.06
13.38,0.4461,8.94
13.58,0.4527,8.95
13.78,0.4593,8.94
13.98,0.4659,9.95
14.18,0.4725,8.71
14.37,0.4791,8.71
14.57,0.4857,8.71
14.77,0.4923,8.61
14.97,0.4989,8.61
15.17,0.5055,8.61
15.36,0.5121,8.71
15.56,0.5187,8.71
15.76,0.5253,8.71
15.96,0.5320,8.71
16.16,0.5386,8.61
16.35,0.5451,8.61
16.55,0.5517,8.61
16.75,0.5584,8.71
16.95,0.5650,8.71
17.15,0.5716,8.71
17.35,0.5782,8.61
17.54,0.5848,8.61
17.74,0.5914,9.62
17.94,0.5980,9.62
18.14,0.6046,9.6
18.34,0.6112,9.72
18.53,0.6178,9.71
18.73,0.6244,9.72
18.93,0.6310,9.72
19.13,0.6376,9.71
19.33,0.6442,9.6
19.52,0.6508,9.6
19.72,0.6574,9.62
19.92,0.6640,9.62
20.12,0.6706,9.62
20.32,0.6772,9.71
20.52,0.6838,9.71
20.71,0.6904,9.72
20.91,0.6970,9.38
21.11,0.7037,9.38
21.31,0.7102,9.28
21.51,0.7169,9.28
21.70,0.7235,9.28
21.90,0.7301,9.28
22.10,0.7367,9.28
22.30,0.7433,9.38
22.50,0.7499,9.38
22.69,0.7565,9.38
22.88,0.7628,9.38
23.08,0.7694,9.38
23.27,0.7756,9.38
23.47,0.7822,9.28
23.66,0.7888,9.28
23.86,0.7954,9.31
24.06,0.8020,9.38
24.26,0.8086,9.38
24.46,0.8152,9.38
24.65,0.8218,9.38
24.85,0.8284,9.28
25.05,0.8350,9.28
25.25,0.8416,9.28
25.45,0.8483,9.28
25.65,0.8548,9.38
25.84,0.8615,9.38
26.04,0.8681,9.38
26.24,0.8747,9.38
26.44,0.8813,9.28
26.64,0.8879,9.28
26.83,0.8945,10.29
27.03,0.9011,8.95
27.23,0.9077,8.95
27.43,0.9143,9.04
27.63,0.9209,9.06
27.82,0.9275,9.04
28.02,0.9341,9.06
28.22,0.9407,8.94
28.42,0.9473,8.94
28.62,0.9539,8.94
28.82,0.9605,8.95
29.01,0.9671,9.06
29.21,0.9737,9.04
29.41,0.9803,9.04
29.61,0.9869,8.94
29.81,0.9935,8.94
30.00,1.0001,8.94
30.20,1.0067,8.95
30.40,1.0133,9.06
30.60,1.0199,9.06
30.80,1.0265,10.05
30.99,1.0331,10.07
31.19,1.0397,10.05
31.39,1.0464,10.05
31.59,1.0530,9.95
31.79,1.0596,9.95
31.99,1.0662,9.95
32.18,1.0728,9.95
32.37,1.0790,9.95
32.57,1.0857,9.95
32.77,1.0923,10.05
32.97,1.0989,10.05
33.16,1.1055,10.03
33.36,1.1121,9.6
33.56,1.1187,9.62
33.76,1.1253,9.6
33.96,1.1319,9.62
34.15,1.1385,9.62
34.35,1.1451,9.62
34.55,1.1517,9.72
34.75,1.1583,9.71
34.95,1.1649,9.72
35.15,1.1715,9.72
35.34,1.1781,9.72
35.54,1.1847,9.6
35.74,1.1913,9.6
35.94,1.1979,9.6
36.14,1.2045,9.62
36.33,1.2112,9.6
36.53,1.2178,9.67
36.73,1.2244,9.71
36.93,1.2310,9.72
37.13,1.2376,9.71
37.33,1.2442,9.71
37.52,1.2508,9.62
37.72,1.2574,9.6
37.92,1.2640,9.6
38.12,1.2706,9.62
38.32,1.2772,9.62
38.51,1.2838,9.6
38.71,1.2904,9.72
38.91,1.2970,9.71
39.11,1.3036,9.72
39.31,1.3102,10.72
39.50,1.3168,9.38
39.70,1.3234,9.38
39.90,1.3300,9.28
40.10,1.3366,9.28
40.30,1.3432,9.28
40.50,1.3498,9.28
40.69,1.3565,9.38
40.89,1.3631,9.38
41.09,1.3697,9.38
41.29,1.3763,9.38
41.47,1.3825,9.28
41.67,1.3891,9.28
41.87,1.3957,9.28
42.07,1.4023,9.28
42.27,1.4089,9.28
42.47,1.4155,9.38
42.66,1.4221,9.38
42.86,1.4287,9.38
43.06,1.4353,9.38
43.26,1.4419,9.28
43.45,1.4485,10.27
43.64,1.4547,10.29
43.83,1.4608,10.29
44.02,1.4675,10.39
44.22,1.4741,10.29
44.41,1.4803,10.29
44.61,1.4869,10.38
44.80,1.4935,10.39
45.00,1.5001,10.39
45.20,1.5067,10.39
45.39,1.5131,10.38
45.59,1.5197,10.38
45.78,1.5258,10.39
45.96,1.5320,10.39
46.14,1.5381,10.29
46.33,1.5442,10.39
46.51,1.5503,10.29
46.69,1.5564,10.29
46.88,1.5625,10.39
47.06,1.5686,10.29
47.24,1.5748,10.05
47.43,1.5809,9.95
47.61,1.5870,10.05
47.79,1.5931,9.95
47.98,1.5992,10.05
48.16,1.6053,9.95
48.34,1.6114,10.05
48.53,1.6175,9.95
48.71,1.6236,9.95
48.91,1.6303,9.95
49.09,1.6364,9.93
49.28,1.6426,10.05
49.46,1.6487,9.95
49.64,1.6548,10.05
49.83,1.6609,9.95
50.01,1.6670,9.95
50.19,1.6731,10.05
50.38,1.6792,9.95
50.56,1.6853,10.07
50.74,1.6915,9.95
50.94,1.6981,10.05
51.13,1.7042,9.6
51.31,1.7104,9.6
51.49,1.7165,9.72
51.68,1.7226,9.62
51.86,1.7287,9.71
52.04,1.7348,9.6
52.23,1.7409,9.72
52.41,1.7470,9.62
52.61,1.7536,9.6
52.81,1.7602,9.6
52.99,1.7665,9.6
53.18,1.7726,9.62
53.36,1.7787,9.71
53.54,1.7848,9.62
53.73,1.7909,9.71
53.91,1.7970,9.6
54.09,1.8032,9.71
54.28,1.8093,9.62
54.46,1.8154,9.72
54.64,1.8215,9.6
54.83,1.8276,9.71
55.01,1.8337,9.6
55.20,1.8398,9.62
55.38,1.8459,9.64
55.56,1.8521,9.6
55.75,1.8582,9.64
55.93,1.8643,9.62
56.11,1.8704,9.72
56.29,1.8765,9.6
56.48,1.8826,9.72
56.66,1.8887,10.62
56.85,1.8948,10.74
57.03,1.9010,10.62
57.21,1.9071,10.72
57.40,1.9132,10.63
57.58,1.9193,10.72
57.76,1.9254,10.62
57.95,1.9315,10.72
58.13,1.9376,10.62
58.31,1.9437,10.72
58.50,1.9498,10.62
58.68,1.9560,10.72
58.86,1.9621,10.62
59.05,1.9682,10.72
59.23,1.9743,10.62
59.41,1.9804,10.62
59.60,1.9865,10.62
59.78,1.9926,10.62
59.96,1.9987,10.62
60.15,2.0048,10.62
60.33,2.0110,10.72
60.51,2.0171,11.63
60.70,2.0232,11.73
60.88,2.0293,11.63
61.06,2.0354,11.73
61.25,2.0415,10.27
61.43,2.0476,10.39
61.61,2.0537,10.29
61.80,2.0598,10.39
61.98,2.0660,10.29
62.16,2.0721,10.39
62.35,2.0782,10.29
62.53,2.0843,10.39
62.71,2.0904,10.27
62.90,2.0965,10.39
63.08,2.1026,10.29
63.26,2.1088,10.39
63.45,2.1149,11.28
63.63,2.1210,11.39
63.81,2.1271,9.95
64.00,2.1332,10.05
64.18,2.1393,9.95
64.36,2.1454,10.05
64.55,2.1515,9.95
64.73,2.1576,10.05
64.91,2.1638,9.95
65.10,2.1699,10.05
65.28,2.1760,9.96
65.46,2.1821,10.05
65.65,2.1882,9.95
65.83,2.1943,10.05
66.01,2.2004,9.95
66.20,2.2065,10.05
66.38,2.2126,9.95
66.56,2.2188,10.07
66.75,2.2249,9.95
66.93,2.2310,10.07
67.11,2.2371,9.95
67.30,2.2432,10.05
67.48,2.2493,9.95
67.66,2.2554,10.05
67.85,2.2615,10.96
68.03,2.2676,11.06
68.21,2.2738,10.94
68.40,2.2799,11.04
68.58,2.2860,10.96
68.76,2.2921,11.06
68.95,2.2982,10.96
69.13,2.3043,9.72
69.31,2.3104,9.6
69.50,2.3165,9.72
69.68,2.3226,9.6
69.86,2.3288,9.71
70.05,2.3349,9.62
70.23,2.3410,9.72
70.41,2.3471,9.62
70.60,2.3532,9.72
70.78,2.3593,10.94
70.96,2.3654,11.06
71.15,2.3715,10.96
71.33,2.3776,11.06
71.51,2.3837,10.96
71.71,2.3904,11.06
71.91,2.3970,10.96
72.10,2.4032,10.96
72.29,2.4098,10.96
72.48,2.4160,11.06
72.66,2.4221,11.06
72.85,2.4282,10.96
73.04,2.4348,11.04
73.24,2.4414,10.94
73.43,2.4476,11.95
73.61,2.4537,11.95
73.80,2.4598,11.95
73.98,2.4660,11.97
74.16,2.4721,10.62
74.35,2.4782,10.62
74.53,2.4843,10.72
74.71,2.4904,10.62
74.90,2.4965,10.74
75.09,2.5031,10.62
75.28,2.5093,10.72
75.46,2.5154,10.62
75.65,2.5215,10.72
75.83,2.5276,10.62
76.01,2.5337,10.72
76.20,2.5398,11.63
76.38,2.5459,11.73
76.56,2.5521,11.63
76.76,2.5587,11.73
76.95,2.5648,11.61
77.13,2.5709,11.63
77.33,2.5776,11.63
77.51,2.5837,10.39
77.70,2.5898,10.32
77.88,2.5959,10.39
78.06,2.6020,10.27
78.24,2.6082,10.34
78.43,2.6143,10.27
78.61,2.6204,10.39
78.79,2.6265,10.29
78.99,2.6331,10.38
79.19,2.6397,10.39
79.38,2.6459,10.38
79.56,2.6520,11.39
79.74,2.6582,11.28
79.93,2.6643,11.39
80.11,2.6704,11.28
80.31,2.6770,11.39
80.49,2.6831,11.4
80.68,2.6893,11.4
80.86,2.6954,9.95
81.04,2.7015,10.05
81.23,2.7076,9.95
81.41,2.7137,10.05
81.61,2.7203,9.95
81.79,2.7265,10.05
81.98,2.7326,9.95
82.16,2.7387,10.05
82.34,2.7448,9.95
82.53,2.7509,10.05
82.71,2.7570,9.95
82.89,2.7631,10.05
83.09,2.7698,9.96
83.28,2.7759,10.05
83.46,2.7820,9.95
83.66,2.7886,10.05
83.84,2.7948,9.95
84.04,2.8014,10.96
84.23,2.8076,10.96
84.43,2.8142,10.96
84.61,2.8204,10.94
84.79,2.8265,11.06
84.98,2.8326,10.96
85.18,2.8392,11.06
85.37,2.8458,10.96
85.56,2.8520,10.94
85.74,2.8582,10.96
85.93,2.8643,10.94
86.11,2.8704,10.96
86.29,2.8765,10.96
86.48,2.8826,10.96
86.66,2.8887,10.96
86.84,2.8948,10.96
87.03,2.9009,11.06
87.23,2.9075,10.94
87.41,2.9137,10.96
87.59,2.9198,11.06
87.78,2.9259,10.96
87.96,2.9320,10.96
88.14,2.9382,10.94
88.33,2.9443,10.96
88.51,2.9504,10.96
88.69,2.9565,10.96
88.89,2.9631,11.06
89.08,2.9693,10.94
89.26,2.9754,10.96
89.44,2.9815,10.94
89.63,2.9876,10.96
89.81,2.9937,10.96
90.01,3.0003,11.95
90.19,3.0065,11.95
90.38,3.0126,11.95
90.56,3.0187,12.07
90.74,3.0248,11.95
90.93,3.0309,12.01
91.11,3.0370,11.97
91.31,3.0436,11.95
91.49,3.0498,12.07
91.68,3.0559,12.06
91.86,3.0620,11.95
92.04,3.0681,11.97
92.23,3.0742,11.95
92.41,3.0803,11.95
92.59,3.0864,11.97
92.78,3.0926,11.95
92.96,3.0987,11.73
93.14,3.1048,11.63
93.33,3.1109,11.73
93.51,3.1170,11.61
93.69,3.1231,11.73
93.88,3.1292,11.63
94.06,3.1353,11.73
94.24,3.1414,11.63
94.43,3.1476,11.73
94.62,3.1542,11.63
94.81,3.1603,11.63
94.99,3.1664,11.63
95.18,3.1726,11.73
95.36,3.1787,11.63
95.54,3.1848,11.73
95.73,3.1909,11.63
95.91,3.1970,11.39
96.09,3.2031,11.28
96.29,3.2097,11.39
96.49,3.2163,11.39
96.69,3.2229,11.39
96.89,3.2295,11.39
97.08,3.2359,11.39
97.27,3.2425,11.28
97.46,3.2487,11.28
97.64,3.2548,11.28
97.83,3.2609,11.4
98.01,3.2670,11.3
98.19,3.2731,11.39
98.39,3.2797,11.28
98.58,3.2859,11.39
98.77,3.2925,11.28
98.96,3.2987,11.28
99.16,3.3053,11.39
99.34,3.3114,11.28
99.53,3.3175,11.28
99.72,3.3241,11.28
99.91,3.3303,11.28
100.11,3.3369,11.39
100.29,3.3431,11.28
100.48,3.3492,11.28
100.67,3.3558,11.28
100.87,3.3624,11.28
101.07,3.3690,11.28
101.27,3.3757,11.39
101.47,3.3823,11.4
101.66,3.3887,11.4
101.84,3.3948,11.39
102.04,3.4014,12.3
102.23,3.4075,12.3
102.41,3.4137,12.3
102.61,3.4203,12.3
102.79,3.4264,12.3
102.99,3.4331,12.3
103.18,3.4392,12.28
103.36,3.4453,12.3
103.56,3.4520,12.3
103.74,3.4581,12.28
103.94,3.4647,12.28
104.14,3.4713,12.3
104.34,3.4779,12.28
104.53,3.4842,12.3
104.73,3.4908,12.4
104.92,3.4975,12.28
105.12,3.5041,12.3
105.32,3.5107,12.31
105.51,3.5170,12.4
105.71,3.5236,12.28
105.91,3.5302,12.3
106.10,3.5368,12.3
106.30,3.5434,12.4
106.50,3.5501,12.4
106.69,3.5565,12.4
106.88,3.5626,13.31
107.06,3.5687,11.97
107.24,3.5748,11.95
107.44,3.5814,11.97
107.64,3.5880,11.95
107.84,3.5946,11.95
108.04,3.6012,11.95
108.24,3.6079,11.95
108.43,3.6142,11.95
108.63,3.6208,11.95
108.82,3.6275,11.95
109.02,3.6341,11.95
109.22,3.6407,11.95
109.42,3.6473,12.07
109.62,3.6539,13.07
109.81,3.6604,13.07
110.01,3.6670,11.63
110.21,3.6736,11.63
110.39,3.6798,11.63
110.59,3.6864,11.63
110.79,3.6930,11.73
110.99,3.6996,11.73
111.18,3.7059,11.63
111.36,3.7120,11.63
111.54,3.7181,11.73
111.74,3.7248,11.61
111.94,3.7314,11.73
112.13,3.7376,11.73
112.31,3.7437,11.61
112.49,3.7498,11.73
112.69,3.7564,11.63
112.88,3.7626,11.61
113.06,3.7687,11.73
113.26,3.7753,12.62
113.46,3.7819,12.62
113.66,3.7885,11.28
113.85,3.7951,11.28
114.05,3.8018,11.28
114.25,3.8085,11.39
114.45,3.8150,11.39
114.65,3.8216,11.4
114.85,3.8282,11.39
115.04,3.8348,11.4
115.24,3.8414,11.4
115.43,3.8476,11.28
115.63,3.8542,11.4
115.83,3.8608,11.28
116.01,3.8671,11.28
116.21,3.8737,11.4
116.41,3.8803,11.39
116.61,3.8869,11.4
116.79,3.8932,11.39
116.98,3.8993,11.3
117.18,3.9059,11.39
117.36,3.9121,11.39
117.56,3.9187,11.28
117.76,3.9253,11.28
117.96,3.9319,11.3
118.15,3.9385,11.28
118.35,3.9451,11.28
118.55,3.9517,11.28
118.75,3.9583,12.3
118.94,3.9648,12.3
119.13,3.9709,12.4
119.33,3.9776,12.3
119.53,3.9842,12.4
119.71,3.9904,12.4
119.91,3.9970,12.3
120.11,4.0036,12.3
120.31,4.0102,12.31
120.50,4.0168,12.3
120.69,4.0232,12.3
120.88,4.0293,12.3
121.08,4.0359,12.3
121.27,4.0425,12.3
121.47,4.0491,12.3
121.67,4.0557,12.3
121.87,4.0624,12.3
122.06,4.0687,12.3
122.26,4.0754,12.3
122.46,4.0820,12.3
122.66,4.0886,12.4
122.86,4.0952,12.4
123.05,4.1018,12.3
123.25,4.1084,12.3
123.45,4.1150,13.31
123.65,4.1216,13.29
123.85,4.1282,13.29
124.04,4.1348,13.31
124.23,4.1409,13.31
124.41,4.1470,13.31
124.61,4.1537,13.31
124.81,4.1603,13.31
125.01,4.1669,13.31
125.19,4.1732,13.31
125.38,4.1793,13.29
125.56,4.1854,13.31
125.74,4.1915,12.97
125.94,4.1981,12.97
126.14,4.2047,12.97
126.34,4.2113,13.07
126.54,4.2179,13.07
126.73,4.2243,12.98
126.93,4.2309,11.63
127.12,4.2375,11.73
127.32,4.2441,11.73
127.52,4.2507,11.75
127.71,4.2570,11.75
127.91,4.2636,11.63
128.11,4.2702,11.63
128.31,4.2769,11.63
128.50,4.2835,11.63
128.70,4.2901,11.73
128.90,4.2967,11.73
129.10,4.3033,11.73
129.29,4.3098,12.74
129.48,4.3159,12.74
129.68,4.3225,12.62
129.87,4.3291,12.64
130.06,4.3353,12.62
130.26,4.3420,12.64
130.46,4.3486,12.62
130.66,4.3552,12.64
130.85,4.3618,11.28
131.05,4.3685,12.64
131.25,4.3750,11.28
131.45,4.3816,11.28
131.64,4.3881,11.28
131.84,4.3947,11.3
132.04,4.4013,11.28
132.24,4.4079,11.3
132.43,4.4142,12.62
132.63,4.4208,12.62
132.81,4.4270,12.64
133.01,4.4336,12.74
133.21,4.4402,12.4
133.41,4.4468,12.3
133.60,4.4534,12.3
133.80,4.4601,12.3
133.99,4.4664,12.3
134.18,4.4725,12.3
134.38,4.4792,12.3
134.57,4.4858,12.3
134.77,4.4924,12.3
134.96,4.4986,12.3
135.14,4.5048,12.31
135.34,4.5114,12.3
135.54,4.5180,12.3
135.74,4.5246,12.3
135.94,4.5312,12.3
136.13,4.5378,12.3
136.33,4.5444,12.3
136.53,4.5510,12.3
136.73,4.5576,12.4
136.93,4.5642,12.4
137.13,4.5708,12.4
137.32,4.5775,12.3
137.52,4.5841,12.4
137.72,4.5907,12.4
137.92,4.5973,12.4
138.12,4.6039,12.3
138.32,4.6105,12.3
138.51,4.6171,12.3
138.71,4.6237,12.3
138.91,4.6303,13.31
139.11,4.6370,13.31
139.31,4.6436,13.41
139.51,4.6502,13.41
139.69,4.6564,13.29
139.89,4.6630,13.41
140.09,4.6696,13.31
140.29,4.6762,13.29
140.48,4.6828,13.31
140.68,4.6894,13.31
140.88,4.6961,13.31
141.08,4.7027,13.41
141.28,4.7093,13.41
141.48,4.7159,13.31
141.67,4.7225,13.31
141.87,4.7291,13.31
142.07,4.7357,12.97
142.27,4.7423,12.98
142.47,4.7490,12.97
142.67,4.7555,13.07
142.86,4.7621,12.98
143.06,4.7688,12.97
143.26,4.7752,12.97
143.46,4.7819,12.97
143.65,4.7884,12.98
143.84,4.7947,12.97
144.04,4.8013,12.98
144.24,4.8079,12.97
144.44,4.8146,12.97
144.63,4.8211,12.97
144.83,4.8277,12.97
145.03,4.8343,13.07
145.23,4.8409,12.74
145.43,4.8476,12.64
145.63,4.8542,12.64
145.82,4.8608,12.64
146.02,4.8674,12.64
146.22,4.8740,12.64
146.42,4.8806,12.64
146.62,4.8872,12.74
146.82,4.8938,12.74
147.01,4.9005,12.73
147.21,4.9071,12.64
147.41,4.9137,12.62
147.61,4.9203,12.64
147.81,4.9269,12.64
148.01,4.9335,12.62
148.20,4.9401,12.64
148.40,4.9467,12.73
148.60,4.9534,12.74
148.80,4.9600,12.62
149.00,4.9666,12.64
149.20,4.9732,12.64
149.39,4.9798,12.64
149.59,4.9864,12.64
149.79,4.9930,12.64
149.99,4.9996,12.74
150.19,5.0000,12.73
150.39,5.0000,12.62
150.57,5.0000,12.64
150.77,5.0000,12.74
150.97,5.0000,12.74
151.17,5.0000,12.64
151.36,5.0000,12.64
151.56,5.0000,12.64
151.76,5.0000,12.64
151.96,5.0000,12.64
152.16,5.0000,12.64
