cycle,leg,vol_mL,t_rel,raw_cm
1,up,0.0,0.0,8.76
1,up,0.0,0.1,8.61
1,up,0.0,0.2,8.52
1,up,0.0,0.3,8.8
1,up,0.0,0.4,8.5
1,up,0.0,0.5,8.54
1,up,0.0,0.6,8.55
1,up,0.0,0.7,10.18
1,up,0.0,0.8,10.67
1,up,0.0,0.9,8.8
1,up,0.0,1.0,8.78
1,up,0.0,1.1,8.69
1,up,0.0,1.2,8.59
1,up,0.0,1.3,8.6
1,up,0.0,1.4,8.79
1,up,0.0,1.5,8.67
1,up,0.0,1.6,9.0
1,up,0.0,1.7,8.58
1,up,0.0,1.8,8.57
1,up,0.0,1.9,8.65
1,up,0.0,2.0,8.66
1,up,0.0,2.1,8.72
1,up,0.0,2.2,8.39
1,up,0.0,2.3,8.9
1,up,0.0,2.4,8.65
1,up,0.0,2.5,8.46
1,up,0.0,2.6,8.77
1,up,0.0,2.7,8.74
1,up,0.0,2.8,8.5
1,up,0.0,2.9,8.74
1,up,0.0,3.0,8.96
1,up,0.0,3.1,8.56
1,up,0.0,3.2,8.78
1,up,0.0,3.3,8.45
1,up,0.0,3.4,8.73
1,up,0.0,3.5,8.45
1,up,0.0,3.6,8.56
1,up,0.0,3.7,8.58
1,up,0.0,3.8,8.74
1,up,0.0,3.9,8.64
1,up,0.294,0.0,10.58
1,up,0.294,0.1,8.88
1,up,0.294,0.2,8.73
1,up,0.294,0.3,8.92
1,up,0.294,0.4,10.16
1,up,0.294,0.5,8.87
1,up,0.294,0.6,9.05
1,up,0.294,0.7,8.9
1,up,0.294,0.8,8.86
1,up,0.294,0.9,9.02
1,up,0.294,1.0,9.02
1,up,0.294,1.1,8.81
1,up,0.294,1.2,8.89
1,up,0.294,1.3,8.78
1,up,0.294,1.4,8.79
1,up,0.294,1.6,7.59
1,up,0.294,1.7,8.97
1,up,0.294,1.8,8.97
1,up,0.294,1.9,9.04
1,up,0.294,2.0,8.92
1,up,0.294,2.1,8.85
1,up,0.294,2.2,8.6
1,up,0.294,2.3,9.06
1,up,0.294,2.4,10.38
1,up,0.294,2.5,8.95
1,up,0.294,2.6,8.7
1,up,0.294,2.7,9.06
1,up,0.294,2.8,8.94
1,up,0.294,2.9,9.13
1,up,0.294,3.0,9.01
1,up,0.294,3.1,9.05
1,up,0.294,3.2,8.9
1,up,0.294,3.3,8.77
1,up,0.294,3.4,9.01
1,up,0.294,3.5,9.05
1,up,0.294,3.6,9.02
1,up,0.294,3.7,8.74
1,up,0.294,3.8,9.12
1,up,0.294,3.9,8.8
1,up,0.294,4.0,8.94
1,up,0.588,0.0,9.24
1,up,0.588,0.1,9.35
1,up,0.588,0.2,9.02
1,up,0.588,0.3,9.29
1,up,0.588,0.4,9.3
1,up,0.588,0.5,9.24
1,up,0.588,0.6,9.26
1,up,0.588,0.7,9.12
1,up,0.588,0.8,9.29
1,up,0.588,0.9,9.01
1,up,0.588,1.0,9.23
1,up,0.588,1.1,9.21
1,up,0.588,1.2,9.1
1,up,0.588,1.3,10.24
1,up,0.588,1.4,10.75
1,up,0.588,1.5,9.21
1,up,0.588,1.6,9.11
1,up,0.588,1.7,9.24
1,up,0.588,1.8,9.35
1,up,0.588,1.9,9.08
1,up,0.588,2.0,9.31
1,up,0.588,2.1,9.35
1,up,0.588,2.3,9.31
1,up,0.588,2.4,9.29
1,up,0.588,2.5,9.05
1,up,0.588,2.6,9.24
1,up,0.588,2.7,9.25
1,up,0.588,2.8,9.25
1,up,0.588,2.9,9.03
1,up,0.588,3.0,9.23
1,up,0.588,3.1,8.9
1,up,0.588,3.2,9.18
1,up,0.588,3.3,9.26
1,up,0.588,3.4,9.1
1,up,0.588,3.5,9.22
1,up,0.588,3.6,8.97
1,up,0.588,3.7,9.2
1,up,0.588,3.8,9.39
1,up,0.588,3.9,8.94
1,up,0.588,4.0,9.42
1,up,0.882,0.1,11.54
1,up,0.882,0.2,9.23
1,up,0.882,0.3,9.76
1,up,0.882,0.4,9.56
1,up,0.882,0.5,9.29
1,up,0.882,0.6,9.52
1,up,0.882,0.7,9.71
1,up,0.882,0.9,9.37
1,up,0.882,1.0,9.37
1,up,0.882,1.1,9.69
1,up,0.882,1.2,9.59
1,up,0.882,1.3,9.48
1,up,0.882,1.4,9.64
1,up,0.882,1.5,9.25
1,up,0.882,1.6,9.5
1,up,0.882,1.7,9.5
1,up,0.882,1.8,9.45
1,up,0.882,1.9,9.43
1,up,0.882,2.0,9.6
1,up,0.882,2.1,9.27
1,up,0.882,2.2,9.28
1,up,0.882,2.3,9.34
1,up,0.882,2.4,9.36
1,up,0.882,2.5,9.64
1,up,0.882,2.6,9.44
1,up,0.882,2.7,9.3
1,up,0.882,2.8,9.49
1,up,0.882,2.9,9.67
1,up,0.882,3.0,9.81
1,up,0.882,3.1,9.4
1,up,0.882,3.2,9.49
1,up,0.882,3.3,9.44
1,up,0.882,3.4,9.55
1,up,0.882,3.5,9.26
1,up,0.882,3.6,9.59
1,up,0.882,3.7,9.71
1,up,0.882,3.8,10.58
1,up,0.882,3.9,9.69
1,up,0.882,4.0,9.45
1,up,0.882,4.1,9.52
1,up,1.176,0.0,10.06
1,up,1.176,0.1,9.55
1,up,1.176,0.2,9.75
1,up,1.176,0.3,9.27
1,up,1.176,0.4,9.24
1,up,1.176,0.5,9.79
1,up,1.176,0.6,9.85
1,up,1.176,0.7,9.97
1,up,1.176,0.8,9.84
1,up,1.176,0.9,10.83
1,up,1.176,1.0,9.75
1,up,1.176,1.1,9.87
1,up,1.176,1.2,9.69
1,up,1.176,1.3,9.6
1,up,1.176,1.4,9.75
1,up,1.176,1.5,9.85
1,up,1.176,1.6,9.68
1,up,1.176,1.7,9.96
1,up,1.176,1.8,9.73
1,up,1.176,1.9,9.64
1,up,1.176,2.0,9.75
1,up,1.176,2.1,9.99
1,up,1.176,2.2,9.37
1,up,1.176,2.3,9.75
1,up,1.176,2.4,9.7
1,up,1.176,2.5,10.07
1,up,1.176,2.6,10.03
1,up,1.176,2.7,9.82
1,up,1.176,2.8,9.84
1,up,1.176,2.9,7.65
1,up,1.176,3.0,9.87
1,up,1.176,3.1,9.64
1,up,1.176,3.2,9.79
1,up,1.176,3.3,9.69
1,up,1.176,3.4,9.54
1,up,1.176,3.5,9.83
1,up,1.176,3.6,9.99
1,up,1.176,3.7,9.79
1,up,1.176,3.8,9.8
1,up,1.176,3.9,9.79
1,up,1.471,0.0,10.3
1,up,1.471,0.1,11.71
1,up,1.471,0.2,10.13
1,up,1.471,0.3,10.21
1,up,1.471,0.4,10.1
1,up,1.471,0.5,10.03
1,up,1.471,0.6,9.95
1,up,1.471,0.7,9.73
1,up,1.471,0.8,9.89
1,up,1.471,0.9,9.83
1,up,1.471,1.0,10.18
1,up,1.471,1.1,9.88
1,up,1.471,1.2,10.11
1,up,1.471,1.3,9.96
1,up,1.471,1.4,10.07
1,up,1.471,1.5,9.81
1,up,1.471,1.6,10.03
1,up,1.471,1.7,9.7
1,up,1.471,1.8,11.69
1,up,1.471,1.9,10.04
1,up,1.471,2.0,9.87
1,up,1.471,2.1,9.96
1,up,1.471,2.2,9.99
1,up,1.471,2.3,10.17
1,up,1.471,2.4,10.26
1,up,1.471,2.5,10.05
1,up,1.471,2.6,9.86
1,up,1.471,2.7,9.67
1,up,1.471,2.8,9.87
1,up,1.471,2.9,10.08
1,up,1.471,3.0,10.37
1,up,1.471,3.1,10.2
1,up,1.471,3.2,10.04
1,up,1.471,3.4,9.96
1,up,1.471,3.5,10.01
1,up,1.471,3.6,11.83
1,up,1.471,3.7,10.07
1,up,1.471,3.8,10.25
1,up,1.471,3.9,9.81
1,up,1.471,4.0,9.94
1,up,1.765,0.0,10.14
1,up,1.765,0.1,10.14
1,up,1.765,0.2,10.19
1,up,1.765,0.3,10.09
1,up,1.765,0.4,10.1
1,up,1.765,0.5,11.34
1,up,1.765,0.6,10.55
1,up,1.765,0.7,10.14
1,up,1.765,0.8,10.33
1,up,1.765,0.9,10.17
1,up,1.765,1.0,10.42
1,up,1.765,1.1,10.4
1,up,1.765,1.2,10.39
1,up,1.765,1.3,10.42
1,up,1.765,1.4,10.44
1,up,1.765,1.5,10.33
1,up,1.765,1.6,10.29
1,up,1.765,1.8,10.11
1,up,1.765,1.9,10.22
1,up,1.765,2.0,9.98
1,up,1.765,2.2,10.47
1,up,1.765,2.3,10.3
1,up,1.765,2.4,10.25
1,up,1.765,2.5,10.36
1,up,1.765,2.6,10.53
1,up,1.765,2.7,10.2
1,up,1.765,2.8,10.41
1,up,1.765,2.9,10.36
1,up,1.765,3.0,10.29
1,up,1.765,3.2,10.27
1,up,1.765,3.3,10.23
1,up,1.765,3.4,10.24
1,up,1.765,3.5,10.97
1,up,1.765,3.6,10.39
1,up,1.765,3.7,10.44
1,up,1.765,3.8,9.2
1,up,1.765,3.9,10.25
1,up,1.765,4.0,10.31
1,up,1.765,4.1,10.38
1,up,1.765,4.2,10.41
1,up,2.059,0.0,10.67
1,up,2.059,0.1,10.67
1,up,2.059,0.2,10.52
1,up,2.059,0.3,10.74
1,up,2.059,0.4,10.53
1,up,2.059,0.5,10.49
1,up,2.059,0.6,10.59
1,up,2.059,0.7,10.64
1,up,2.059,0.8,10.59
1,up,2.059,0.9,10.45
1,up,2.059,1.0,11.68
1,up,2.059,1.1,10.55
1,up,2.059,1.2,10.48
1,up,2.059,1.4,10.78
1,up,2.059,1.5,11.82
1,up,2.059,1.6,10.39
1,up,2.059,1.7,10.51
1,up,2.059,1.8,10.63
1,up,2.059,1.9,10.57
1,up,2.059,2.0,10.43
1,up,2.059,2.1,10.6
1,up,2.059,2.2,10.66
1,up,2.059,2.4,10.52
1,up,2.059,2.5,10.74
1,up,2.059,2.6,10.51
1,up,2.059,2.7,10.47
1,up,2.059,2.8,10.56
1,up,2.059,2.9,10.68
1,up,2.059,3.0,10.46
1,up,2.059,3.1,10.21
1,up,2.059,3.2,10.81
1,up,2.059,3.3,10.74
1,up,2.059,3.4,10.65
1,up,2.059,3.5,10.13
1,up,2.059,3.6,10.63
1,up,2.059,3.7,10.57
1,up,2.059,3.8,10.22
1,up,2.059,3.9,10.43
1,up,2.059,4.0,10.91
1,up,2.059,4.1,10.51
1,up,2.353,0.0,10.81
1,up,2.353,0.2,10.41
1,up,2.353,0.3,10.64
1,up,2.353,0.4,11.1
1,up,2.353,0.5,10.91
1,up,2.353,0.6,10.62
1,up,2.353,0.7,10.99
1,up,2.353,0.8,10.91
1,up,2.353,0.9,10.72
1,up,2.353,1.0,10.88
1,up,2.353,1.1,12.33
1,up,2.353,1.2,11.02
1,up,2.353,1.3,11.21
1,up,2.353,1.4,10.77
1,up,2.353,1.5,10.81
1,up,2.353,1.6,10.75
1,up,2.353,1.7,11.01
1,up,2.353,1.8,10.85
1,up,2.353,1.9,10.9
1,up,2.353,2.0,11.16
1,up,2.353,2.1,10.78
1,up,2.353,2.2,12.31
1,up,2.353,2.3,10.77
1,up,2.353,2.5,10.7
1,up,2.353,2.6,11.01
1,up,2.353,2.7,10.93
1,up,2.353,2.8,10.89
1,up,2.353,2.9,10.91
1,up,2.353,3.0,10.73
1,up,2.353,3.1,10.89
1,up,2.353,3.2,10.57
1,up,2.353,3.3,10.9
1,up,2.353,3.4,10.86
1,up,2.353,3.5,10.86
1,up,2.353,3.6,10.68
1,up,2.353,3.7,10.62
1,up,2.353,3.8,11.19
1,up,2.353,3.9,10.92
1,up,2.353,4.0,11.1
1,up,2.353,4.1,10.98
1,up,2.647,0.0,10.94
1,up,2.647,0.1,11.0
1,up,2.647,0.2,11.1
1,up,2.647,0.3,11.25
1,up,2.647,0.4,9.75
1,up,2.647,0.5,10.9
1,up,2.647,0.6,10.91
1,up,2.647,0.7,11.13
1,up,2.647,0.8,10.79
1,up,2.647,0.9,11.08
1,up,2.647,1.0,11.12
1,up,2.647,1.1,11.19
1,up,2.647,1.2,11.43
1,up,2.647,1.3,10.89
1,up,2.647,1.4,11.31
1,up,2.647,1.5,11.09
1,up,2.647,1.6,11.31
1,up,2.647,1.7,11.26
1,up,2.647,1.8,11.0
1,up,2.647,1.9,11.4
1,up,2.647,2.0,11.35
1,up,2.647,2.1,11.3
1,up,2.647,2.2,11.18
1,up,2.647,2.3,11.08
1,up,2.647,2.4,11.17
1,up,2.647,2.5,11.37
1,up,2.647,2.6,11.31
1,up,2.647,2.7,11.09
1,up,2.647,2.8,11.24
1,up,2.647,2.9,10.84
1,up,2.647,3.0,11.5
1,up,2.647,3.2,11.3
1,up,2.647,3.3,11.25
1,up,2.647,3.4,11.21
1,up,2.647,3.5,11.38
1,up,2.647,3.7,11.19
1,up,2.647,3.8,11.11
1,up,2.647,3.9,11.23
1,up,2.647,4.0,11.08
1,up,2.647,4.1,13.19
1,up,2.941,0.0,11.41
1,up,2.941,0.1,11.54
1,up,2.941,0.2,11.56
1,up,2.941,0.3,11.24
1,up,2.941,0.4,12.81
1,up,2.941,0.5,11.31
1,up,2.941,0.6,11.47
1,up,2.941,0.7,11.33
1,up,2.941,0.8,11.45
1,up,2.941,0.9,11.32
1,up,2.941,1.0,11.64
1,up,2.941,1.1,11.17
1,up,2.941,1.2,13.16
1,up,2.941,1.3,11.47
1,up,2.941,1.4,11.68
1,up,2.941,1.5,11.45
1,up,2.941,1.6,11.59
1,up,2.941,1.7,11.76
1,up,2.941,1.8,11.21
1,up,2.941,1.9,11.44
1,up,2.941,2.0,11.16
1,up,2.941,2.1,11.49
1,up,2.941,2.2,11.33
1,up,2.941,2.3,11.56
1,up,2.941,2.4,11.76
1,up,2.941,2.5,11.29
1,up,2.941,2.6,11.41
1,up,2.941,2.7,11.36
1,up,2.941,2.8,11.42
1,up,2.941,2.9,11.59
1,up,2.941,3.0,11.24
1,up,2.941,3.1,11.67
1,up,2.941,3.2,11.21
1,up,2.941,3.3,11.29
1,up,2.941,3.4,11.43
1,up,2.941,3.5,11.03
1,up,2.941,3.6,11.29
1,up,2.941,3.7,11.46
1,up,2.941,3.8,11.25
1,up,2.941,3.9,11.35
1,up,3.235,0.0,11.71
1,up,3.235,0.1,11.56
1,up,3.235,0.3,11.59
1,up,3.235,0.4,11.67
1,up,3.235,0.5,11.67
1,up,3.235,0.6,11.49
1,up,3.235,0.7,11.63
1,up,3.235,0.8,11.54
1,up,3.235,0.9,11.3
1,up,3.235,1.0,11.59
1,up,3.235,1.1,11.77
1,up,3.235,1.2,12.97
1,up,3.235,1.3,11.8
1,up,3.235,1.4,11.96
1,up,3.235,1.5,11.78
1,up,3.235,1.6,11.76
1,up,3.235,1.7,11.73
1,up,3.235,1.8,11.8
1,up,3.235,1.9,11.35
1,up,3.235,2.0,11.76
1,up,3.235,2.1,11.54
1,up,3.235,2.2,11.78
1,up,3.235,2.3,12.04
1,up,3.235,2.4,11.74
1,up,3.235,2.5,11.83
1,up,3.235,2.6,11.4
1,up,3.235,2.7,11.78
1,up,3.235,2.8,11.47
1,up,3.235,2.9,11.71
1,up,3.235,3.0,13.64
1,up,3.235,3.1,11.7
1,up,3.235,3.2,11.57
1,up,3.235,3.3,11.79
1,up,3.235,3.4,11.53
1,up,3.235,3.5,11.83
1,up,3.235,3.6,11.67
1,up,3.235,3.7,11.38
1,up,3.235,3.8,11.74
1,up,3.235,3.9,11.38
1,up,3.235,4.0,11.88
1,up,3.529,0.0,12.0
1,up,3.529,0.1,11.84
1,up,3.529,0.2,11.98
1,up,3.529,0.4,11.85
1,up,3.529,0.5,12.04
1,up,3.529,0.6,11.88
1,up,3.529,0.7,12.13
1,up,3.529,0.8,11.78
1,up,3.529,0.9,12.05
1,up,3.529,1.0,11.9
1,up,3.529,1.1,11.76
1,up,3.529,1.3,11.64
1,up,3.529,1.4,11.95
1,up,3.529,1.5,12.07
1,up,3.529,1.6,11.82
1,up,3.529,1.7,12.05
1,up,3.529,1.8,11.99
1,up,3.529,1.9,11.85
1,up,3.529,2.0,12.05
1,up,3.529,2.1,12.06
1,up,3.529,2.2,11.87
1,up,3.529,2.3,11.94
1,up,3.529,2.4,12.23
1,up,3.529,2.5,11.72
1,up,3.529,2.6,11.91
1,up,3.529,2.7,12.06
1,up,3.529,2.8,12.04
1,up,3.529,2.9,11.85
1,up,3.529,3.0,11.93
1,up,3.529,3.1,11.97
1,up,3.529,3.2,11.88
1,up,3.529,3.3,12.06
1,up,3.529,3.4,12.29
1,up,3.529,3.5,11.9
1,up,3.529,3.6,12.09
1,up,3.529,3.7,11.92
1,up,3.529,3.8,12.21
1,up,3.529,3.9,12.04
1,up,3.529,4.0,12.15
1,up,3.529,4.1,12.1
1,up,3.824,0.0,12.24
1,up,3.824,0.1,12.21
1,up,3.824,0.2,12.16
1,up,3.824,0.3,12.14
1,up,3.824,0.4,12.2
1,up,3.824,0.5,12.26
1,up,3.824,0.6,12.2
1,up,3.824,0.7,12.15
1,up,3.824,0.8,12.14
1,up,3.824,0.9,12.02
1,up,3.824,1.0,12.35
1,up,3.824,1.2,12.13
1,up,3.824,1.3,12.23
1,up,3.824,1.4,12.08
1,up,3.824,1.5,12.07
1,up,3.824,1.6,12.06
1,up,3.824,1.7,10.91
1,up,3.824,1.8,12.34
1,up,3.824,1.9,11.9
1,up,3.824,2.0,12.42
1,up,3.824,2.1,12.2
1,up,3.824,2.2,12.05
1,up,3.824,2.3,14.43
1,up,3.824,2.4,12.23
1,up,3.824,2.5,12.41
1,up,3.824,2.7,12.1
1,up,3.824,2.8,12.28
1,up,3.824,2.9,12.34
1,up,3.824,3.0,10.83
1,up,3.824,3.1,12.29
1,up,3.824,3.2,12.33
1,up,3.824,3.3,12.01
1,up,3.824,3.4,12.53
1,up,3.824,3.5,12.45
1,up,3.824,3.6,11.99
1,up,3.824,3.7,12.37
1,up,3.824,3.8,12.24
1,up,3.824,3.9,12.12
1,up,3.824,4.0,12.29
1,up,3.824,4.1,12.2
1,up,4.118,0.0,12.79
1,up,4.118,0.1,12.21
1,up,4.118,0.2,12.6
1,up,4.118,0.3,12.55
1,up,4.118,0.4,12.2
1,up,4.118,0.5,12.37
1,up,4.118,0.6,12.46
1,up,4.118,0.7,12.58
1,up,4.118,0.8,12.31
1,up,4.118,0.9,12.28
1,up,4.118,1.0,12.58
1,up,4.118,1.1,14.46
1,up,4.118,1.2,12.49
1,up,4.118,1.3,12.36
1,up,4.118,1.4,12.58
1,up,4.118,1.5,12.58
1,up,4.118,1.6,12.49
1,up,4.118,1.7,12.88
1,up,4.118,1.8,12.12
1,up,4.118,1.9,12.59
1,up,4.118,2.0,12.35
1,up,4.118,2.1,12.72
1,up,4.118,2.2,12.37
1,up,4.118,2.3,12.28
1,up,4.118,2.4,12.34
1,up,4.118,2.5,12.55
1,up,4.118,2.6,12.31
1,up,4.118,2.7,12.68
1,up,4.118,2.8,12.48
1,up,4.118,2.9,12.3
1,up,4.118,3.0,12.61
1,up,4.118,3.1,12.36
1,up,4.118,3.2,12.59
1,up,4.118,3.3,12.88
1,up,4.118,3.4,12.42
1,up,4.118,3.5,12.63
1,up,4.118,3.6,11.47
1,up,4.118,3.7,12.47
1,up,4.118,3.8,12.54
1,up,4.118,3.9,12.67
1,up,4.412,0.0,12.48
1,up,4.412,0.1,12.86
1,up,4.412,0.2,12.67
1,up,4.412,0.3,12.92
1,up,4.412,0.4,12.72
1,up,4.412,0.5,12.82
1,up,4.412,0.6,12.66
1,up,4.412,0.7,12.85
1,up,4.412,0.8,12.85
1,up,4.412,0.9,12.69
1,up,4.412,1.1,11.05
1,up,4.412,1.2,12.95
1,up,4.412,1.3,12.88
1,up,4.412,1.4,12.86
1,up,4.412,1.5,12.58
1,up,4.412,1.6,12.84
1,up,4.412,1.7,12.69
1,up,4.412,1.8,12.56
1,up,4.412,1.9,12.63
1,up,4.412,2.0,12.86
1,up,4.412,2.1,12.71
1,up,4.412,2.2,12.82
1,up,4.412,2.3,12.74
1,up,4.412,2.4,12.86
1,up,4.412,2.5,12.73
1,up,4.412,2.6,12.66
1,up,4.412,2.7,12.71
1,up,4.412,2.8,12.93
1,up,4.412,2.9,12.62
1,up,4.412,3.0,12.52
1,up,4.412,3.1,12.7
1,up,4.412,3.2,12.68
1,up,4.412,3.3,12.71
1,up,4.412,3.4,12.86
1,up,4.412,3.5,12.76
1,up,4.412,3.6,12.64
1,up,4.412,3.7,12.75
1,up,4.412,3.8,12.69
1,up,4.412,3.9,12.41
1,up,4.412,4.0,12.64
1,up,4.706,0.0,13.0
1,up,4.706,0.1,12.91
1,up,4.706,0.2,13.38
1,up,4.706,0.3,12.99
1,up,4.706,0.4,12.89
1,up,4.706,0.5,13.29
1,up,4.706,0.6,13.17
1,up,4.706,0.7,13.24
1,up,4.706,0.8,13.05
1,up,4.706,0.9,13.06
1,up,4.706,1.0,13.29
1,up,4.706,1.1,12.96
1,up,4.706,1.2,11.24
1,up,4.706,1.3,13.24
1,up,4.706,1.4,13.3
1,up,4.706,1.5,13.07
1,up,4.706,1.6,13.06
1,up,4.706,1.7,12.88
1,up,4.706,1.8,13.08
1,up,4.706,1.9,12.99
1,up,4.706,2.0,12.94
1,up,4.706,2.1,13.03
1,up,4.706,2.2,13.1
1,up,4.706,2.3,13.04
1,up,4.706,2.6,13.31
1,up,4.706,2.7,12.94
1,up,4.706,2.8,13.08
1,up,4.706,2.9,13.23
1,up,4.706,3.0,13.13
1,up,4.706,3.1,14.54
1,up,4.706,3.3,13.09
1,up,4.706,3.4,13.99
1,up,4.706,3.5,13.05
1,up,4.706,3.6,13.11
1,up,4.706,3.7,12.93
1,up,4.706,3.8,13.21
1,up,4.706,3.9,12.87
1,up,4.706,4.0,13.19
1,up,4.706,4.1,13.12
1,up,4.706,4.2,13.05
1,up,5.0,0.0,13.02
1,up,5.0,0.1,13.47
1,up,5.0,0.2,13.31
1,up,5.0,0.3,13.27
1,up,5.0,0.4,13.55
1,up,5.0,0.5,13.51
1,up,5.0,0.6,13.33
1,up,5.0,0.7,13.41
1,up,5.0,0.8,13.59
1,up,5.0,0.9,13.31
1,up,5.0,1.0,13.17
1,up,5.0,1.1,13.54
1,up,5.0,1.2,13.09
1,up,5.0,1.3,13.52
1,up,5.0,1.4,13.37
1,up,5.0,1.5,14.48
1,up,5.0,1.6,13.37
1,up,5.0,1.7,13.4
1,up,5.0,1.8,13.22
1,up,5.0,1.9,13.1
1,up,5.0,2.0,13.33
1,up,5.0,2.1,13.36
1,up,5.0,2.3,13.51
1,up,5.0,2.4,13.18
1,up,5.0,2.5,14.27
1,up,5.0,2.6,13.35
1,up,5.0,2.7,15.11
1,up,5.0,2.8,13.27
1,up,5.0,2.9,13.33
1,up,5.0,3.0,13.37
1,up,5.0,3.1,13.09
1,up,5.0,3.2,13.27
1,up,5.0,3.3,13.52
1,up,5.0,3.4,13.14
1,up,5.0,3.5,13.63
1,up,5.0,3.6,13.4
1,up,5.0,3.7,13.14
1,up,5.0,3.9,13.53
1,up,5.0,4.0,13.23
1,up,5.0,4.1,13.12
1,down,4.706,0.1,13.03
1,down,4.706,0.2,12.98
1,down,4.706,0.3,13.0
1,down,4.706,0.4,13.06
1,down,4.706,0.5,13.1
1,down,4.706,0.6,12.76
1,down,4.706,0.7,12.88
1,down,4.706,0.8,13.13
1,down,4.706,0.9,13.26
1,down,4.706,1.0,15.01
1,down,4.706,1.1,12.98
1,down,4.706,1.2,13.02
1,down,4.706,1.3,12.72
1,down,4.706,1.4,13.02
1,down,4.706,1.5,13.28
1,down,4.706,1.6,13.2
1,down,4.706,1.7,13.07
1,down,4.706,1.9,13.19
1,down,4.706,2.0,11.2
1,down,4.706,2.1,13.19
1,down,4.706,2.2,11.73
1,down,4.706,2.3,12.94
1,down,4.706,2.4,13.0
1,down,4.706,2.5,12.99
1,down,4.706,2.6,13.07
1,down,4.706,2.7,13.0
1,down,4.706,2.8,13.22
1,down,4.706,2.9,13.03
1,down,4.706,3.0,13.06
1,down,4.706,3.1,13.05
1,down,4.706,3.2,13.1
1,down,4.706,3.3,12.9
1,down,4.706,3.4,12.82
1,down,4.706,3.5,13.01
1,down,4.706,3.6,13.43
1,down,4.706,3.7,13.36
1,down,4.706,3.8,13.08
1,down,4.706,3.9,13.13
1,down,4.706,4.0,12.84
1,down,4.706,4.1,13.26
1,down,4.412,0.0,12.7
1,down,4.412,0.1,12.71
1,down,4.412,0.2,12.74
1,down,4.412,0.3,12.98
1,down,4.412,0.4,12.93
1,down,4.412,0.5,12.69
1,down,4.412,0.6,12.66
1,down,4.412,0.7,12.58
1,down,4.412,0.8,12.73
1,down,4.412,1.0,12.67
1,down,4.412,1.1,10.7
1,down,4.412,1.2,12.71
1,down,4.412,1.3,12.82
1,down,4.412,1.4,12.75
1,down,4.412,1.5,12.65
1,down,4.412,1.6,12.81
1,down,4.412,1.7,12.74
1,down,4.412,1.8,13.08
1,down,4.412,1.9,12.77
1,down,4.412,2.0,12.76
1,down,4.412,2.1,14.72
1,down,4.412,2.2,12.74
1,down,4.412,2.3,12.59
1,down,4.412,2.4,12.87
1,down,4.412,2.5,12.94
1,down,4.412,2.6,12.72
1,down,4.412,2.7,12.65
1,down,4.412,2.8,12.82
1,down,4.412,2.9,12.71
1,down,4.412,3.0,12.57
1,down,4.412,3.1,12.68
1,down,4.412,3.2,12.66
1,down,4.412,3.3,12.81
1,down,4.412,3.4,12.81
1,down,4.412,3.5,12.83
1,down,4.412,3.6,12.74
1,down,4.412,3.7,12.59
1,down,4.412,3.8,12.83
1,down,4.412,3.9,12.88
1,down,4.412,4.0,12.98
1,down,4.118,0.0,12.45
1,down,4.118,0.1,12.66
1,down,4.118,0.2,12.68
1,down,4.118,0.3,12.23
1,down,4.118,0.4,12.56
1,down,4.118,0.5,12.62
1,down,4.118,0.6,12.63
1,down,4.118,0.7,12.56
1,down,4.118,0.8,12.86
1,down,4.118,0.9,12.48
1,down,4.118,1.0,12.51
1,down,4.118,1.1,13.48
1,down,4.118,1.2,12.44
1,down,4.118,1.3,12.37
1,down,4.118,1.4,12.72
1,down,4.118,1.5,10.79
1,down,4.118,1.6,12.62
1,down,4.118,1.7,12.9
1,down,4.118,1.8,12.47
1,down,4.118,1.9,12.5
1,down,4.118,2.0,12.65
1,down,4.118,2.1,14.06
1,down,4.118,2.2,12.61
1,down,4.118,2.3,12.53
1,down,4.118,2.4,13.52
1,down,4.118,2.5,12.54
1,down,4.118,2.6,12.27
1,down,4.118,2.7,12.51
1,down,4.118,2.8,12.52
1,down,4.118,2.9,12.5
1,down,4.118,3.0,12.27
1,down,4.118,3.1,11.1
1,down,4.118,3.2,12.39
1,down,4.118,3.3,12.5
1,down,4.118,3.5,12.43
1,down,4.118,3.6,12.62
1,down,4.118,3.7,12.51
1,down,4.118,3.8,12.42
1,down,4.118,3.9,12.67
1,down,4.118,4.0,12.52
1,down,3.824,0.0,12.14
1,down,3.824,0.1,12.23
1,down,3.824,0.2,12.13
1,down,3.824,0.3,13.29
1,down,3.824,0.4,12.3
1,down,3.824,0.5,12.26
1,down,3.824,0.6,13.32
1,down,3.824,0.7,11.94
1,down,3.824,0.8,12.19
1,down,3.824,0.9,12.3
1,down,3.824,1.0,12.19
1,down,3.824,1.1,12.25
1,down,3.824,1.2,12.21
1,down,3.824,1.3,12.21
1,down,3.824,1.4,12.46
1,down,3.824,1.5,12.38
1,down,3.824,1.6,12.55
1,down,3.824,1.7,12.12
1,down,3.824,1.8,12.35
1,down,3.824,1.9,12.13
1,down,3.824,2.0,12.26
1,down,3.824,2.1,12.09
1,down,3.824,2.2,12.25
1,down,3.824,2.3,12.42
1,down,3.824,2.4,13.11
1,down,3.824,2.5,12.19
1,down,3.824,2.6,12.33
1,down,3.824,2.7,12.43
1,down,3.824,2.8,12.32
1,down,3.824,2.9,12.16
1,down,3.824,3.0,12.26
1,down,3.824,3.1,12.24
1,down,3.824,3.2,11.24
1,down,3.824,3.3,12.31
1,down,3.824,3.4,12.4
1,down,3.824,3.5,12.29
1,down,3.824,3.6,12.38
1,down,3.824,3.7,12.21
1,down,3.824,3.8,11.93
1,down,3.824,3.9,12.16
1,down,3.529,0.0,11.91
1,down,3.529,0.1,12.08
1,down,3.529,0.2,13.33
1,down,3.529,0.3,11.87
1,down,3.529,0.4,12.09
1,down,3.529,0.5,12.1
1,down,3.529,0.6,11.6
1,down,3.529,0.7,11.95
1,down,3.529,0.8,12.27
1,down,3.529,0.9,12.01
1,down,3.529,1.0,11.96
1,down,3.529,1.1,11.75
1,down,3.529,1.2,11.78
1,down,3.529,1.3,11.93
1,down,3.529,1.4,11.9
1,down,3.529,1.5,11.87
1,down,3.529,1.6,12.0
1,down,3.529,1.7,11.79
1,down,3.529,1.8,12.08
1,down,3.529,1.9,12.23
1,down,3.529,2.0,12.0
1,down,3.529,2.1,12.02
1,down,3.529,2.2,12.11
1,down,3.529,2.3,11.86
1,down,3.529,2.4,12.0
1,down,3.529,2.5,11.73
1,down,3.529,2.6,11.9
1,down,3.529,2.7,12.36
1,down,3.529,2.8,12.04
1,down,3.529,2.9,11.9
1,down,3.529,3.0,11.92
1,down,3.529,3.1,11.81
1,down,3.529,3.2,12.17
1,down,3.529,3.3,12.09
1,down,3.529,3.4,11.85
1,down,3.529,3.5,11.99
1,down,3.529,3.6,13.86
1,down,3.529,3.7,11.77
1,down,3.529,3.8,12.22
1,down,3.529,3.9,11.81
1,down,3.235,0.0,11.86
1,down,3.235,0.1,11.75
1,down,3.235,0.2,12.82
1,down,3.235,0.3,11.71
1,down,3.235,0.4,11.77
1,down,3.235,0.5,11.5
1,down,3.235,0.6,11.89
1,down,3.235,0.7,11.78
1,down,3.235,0.8,11.57
1,down,3.235,0.9,11.79
1,down,3.235,1.0,12.09
1,down,3.235,1.1,11.53
1,down,3.235,1.2,13.05
1,down,3.235,1.3,11.7
1,down,3.235,1.4,11.76
1,down,3.235,1.5,11.58
1,down,3.235,1.6,11.6
1,down,3.235,1.7,12.68
1,down,3.235,1.8,12.38
1,down,3.235,1.9,11.69
1,down,3.235,2.0,11.58
1,down,3.235,2.1,11.69
1,down,3.235,2.2,11.54
1,down,3.235,2.3,11.58
1,down,3.235,2.4,11.81
1,down,3.235,2.5,12.15
1,down,3.235,2.6,11.92
1,down,3.235,2.7,11.59
1,down,3.235,2.8,11.64
1,down,3.235,2.9,11.82
1,down,3.235,3.0,11.66
1,down,3.235,3.1,11.73
1,down,3.235,3.2,11.93
1,down,3.235,3.3,11.47
1,down,3.235,3.4,11.85
1,down,3.235,3.5,11.68
1,down,3.235,3.6,11.56
1,down,3.235,3.7,11.27
1,down,3.235,3.8,11.37
1,down,3.235,3.9,11.79
1,down,2.941,0.0,11.53
1,down,2.941,0.1,11.41
1,down,2.941,0.2,11.68
1,down,2.941,0.3,11.03
1,down,2.941,0.4,11.48
1,down,2.941,0.5,11.28
1,down,2.941,0.7,11.39
1,down,2.941,0.8,11.1
1,down,2.941,0.9,11.66
1,down,2.941,1.0,11.56
1,down,2.941,1.1,11.25
1,down,2.941,1.2,11.71
1,down,2.941,1.3,11.36
1,down,2.941,1.4,11.69
1,down,2.941,1.5,11.47
1,down,2.941,1.6,11.25
1,down,2.941,1.7,11.42
1,down,2.941,1.8,11.3
1,down,2.941,1.9,11.2
1,down,2.941,2.0,11.33
1,down,2.941,2.1,11.28
1,down,2.941,2.2,11.27
1,down,2.941,2.3,11.49
1,down,2.941,2.4,11.27
1,down,2.941,2.5,11.19
1,down,2.941,2.6,11.59
1,down,2.941,2.7,11.11
1,down,2.941,2.8,11.43
1,down,2.941,2.9,11.3
1,down,2.941,3.0,11.27
1,down,2.941,3.1,11.31
1,down,2.941,3.2,11.39
1,down,2.941,3.3,11.38
1,down,2.941,3.4,11.31
1,down,2.941,3.5,9.81
1,down,2.941,3.6,11.28
1,down,2.941,3.7,11.18
1,down,2.941,3.8,11.28
1,down,2.941,3.9,11.34
1,down,2.941,4.0,11.38
1,down,2.647,0.0,11.16
1,down,2.647,0.1,11.29
1,down,2.647,0.2,11.16
1,down,2.647,0.3,11.03
1,down,2.647,0.4,11.15
1,down,2.647,0.5,11.31
1,down,2.647,0.6,11.03
1,down,2.647,0.7,11.07
1,down,2.647,0.8,12.46
1,down,2.647,0.9,11.41
1,down,2.647,1.0,11.18
1,down,2.647,1.2,12.39
1,down,2.647,1.3,11.27
1,down,2.647,1.4,11.26
1,down,2.647,1.5,11.24
1,down,2.647,1.6,11.05
1,down,2.647,1.7,11.16
1,down,2.647,1.8,10.98
1,down,2.647,1.9,11.21
1,down,2.647,2.0,11.04
1,down,2.647,2.1,11.29
1,down,2.647,2.2,11.25
1,down,2.647,2.3,10.92
1,down,2.647,2.4,11.04
1,down,2.647,2.5,11.03
1,down,2.647,2.6,11.24
1,down,2.647,2.7,10.98
1,down,2.647,2.8,11.27
1,down,2.647,2.9,11.03
1,down,2.647,3.0,11.36
1,down,2.647,3.1,11.05
1,down,2.647,3.2,11.25
1,down,2.647,3.4,11.08
1,down,2.647,3.5,11.34
1,down,2.647,3.6,11.15
1,down,2.647,3.7,11.2
1,down,2.647,3.8,11.16
1,down,2.647,3.9,11.08
1,down,2.647,4.0,11.21
1,down,2.647,4.1,10.88
1,down,2.353,0.0,10.87
1,down,2.353,0.1,10.88
1,down,2.353,0.2,10.73
1,down,2.353,0.3,10.63
1,down,2.353,0.4,10.85
1,down,2.353,0.5,11.05
1,down,2.353,0.6,11.11
1,down,2.353,0.7,11.06
1,down,2.353,0.8,10.57
1,down,2.353,0.9,11.02
1,down,2.353,1.0,10.81
1,down,2.353,1.1,10.95
1,down,2.353,1.2,10.76
1,down,2.353,1.3,10.92
1,down,2.353,1.4,10.81
1,down,2.353,1.5,10.88
1,down,2.353,1.6,10.81
1,down,2.353,1.8,10.92
1,down,2.353,1.9,10.74
1,down,2.353,2.0,10.91
1,down,2.353,2.1,10.85
1,down,2.353,2.2,11.05
1,down,2.353,2.3,10.78
1,down,2.353,2.4,11.07
1,down,2.353,2.5,10.57
1,down,2.353,2.6,10.9
1,down,2.353,2.7,10.94
1,down,2.353,2.8,10.73
1,down,2.353,2.9,10.65
1,down,2.353,3.0,10.93
1,down,2.353,3.1,10.85
1,down,2.353,3.2,11.0
1,down,2.353,3.3,10.68
1,down,2.353,3.4,10.76
1,down,2.353,3.5,10.99
1,down,2.353,3.6,10.64
1,down,2.353,3.7,10.92
1,down,2.353,3.8,10.87
1,down,2.353,3.9,10.94
1,down,2.353,4.0,10.97
1,down,2.059,0.0,10.71
1,down,2.059,0.1,10.88
1,down,2.059,0.2,10.62
1,down,2.059,0.3,10.31
1,down,2.059,0.4,10.57
1,down,2.059,0.5,10.68
1,down,2.059,0.6,11.62
1,down,2.059,0.7,10.67
1,down,2.059,0.8,10.84
1,down,2.059,0.9,10.43
1,down,2.059,1.0,10.73
1,down,2.059,1.1,10.68
1,down,2.059,1.2,10.53
1,down,2.059,1.3,10.67
1,down,2.059,1.4,8.5
1,down,2.059,1.5,10.73
1,down,2.059,1.6,10.58
1,down,2.059,1.7,12.33
1,down,2.059,1.8,10.59
1,down,2.059,1.9,10.53
1,down,2.059,2.0,10.64
1,down,2.059,2.1,10.54
1,down,2.059,2.2,10.56
1,down,2.059,2.3,10.4
1,down,2.059,2.4,10.73
1,down,2.059,2.5,10.42
1,down,2.059,2.6,10.45
1,down,2.059,2.7,10.92
1,down,2.059,2.8,10.57
1,down,2.059,2.9,10.55
1,down,2.059,3.0,10.42
1,down,2.059,3.1,9.83
1,down,2.059,3.2,10.71
1,down,2.059,3.3,10.77
1,down,2.059,3.4,10.69
1,down,2.059,3.5,10.39
1,down,2.059,3.6,10.85
1,down,2.059,3.7,10.79
1,down,2.059,3.8,10.42
1,down,2.059,3.9,10.41
1,down,1.765,0.0,10.12
1,down,1.765,0.1,10.31
1,down,1.765,0.3,10.37
1,down,1.765,0.4,10.53
1,down,1.765,0.5,10.5
1,down,1.765,0.6,10.47
1,down,1.765,0.7,10.26
1,down,1.765,0.8,10.15
1,down,1.765,0.9,10.18
1,down,1.765,1.0,10.23
1,down,1.765,1.1,10.4
1,down,1.765,1.2,10.31
1,down,1.765,1.3,10.25
1,down,1.765,1.4,10.53
1,down,1.765,1.5,10.18
1,down,1.765,1.6,10.5
1,down,1.765,1.7,10.31
1,down,1.765,1.8,10.07
1,down,1.765,1.9,10.05
1,down,1.765,2.0,10.16
1,down,1.765,2.1,10.41
1,down,1.765,2.2,10.28
1,down,1.765,2.3,10.22
1,down,1.765,2.4,12.34
1,down,1.765,2.5,10.37
1,down,1.765,2.6,8.97
1,down,1.765,2.7,10.31
1,down,1.765,2.8,10.35
1,down,1.765,2.9,9.98
1,down,1.765,3.0,10.13
1,down,1.765,3.1,10.05
1,down,1.765,3.2,10.19
1,down,1.765,3.4,10.11
1,down,1.765,3.5,10.34
1,down,1.765,3.6,10.16
1,down,1.765,3.8,10.11
1,down,1.765,3.9,10.4
1,down,1.765,4.0,10.25
1,down,1.765,4.1,10.26
1,down,1.765,4.3,10.35
1,down,1.471,0.0,9.92
1,down,1.471,0.1,9.98
1,down,1.471,0.2,9.87
1,down,1.471,0.3,9.95
1,down,1.471,0.4,9.88
1,down,1.471,0.5,10.12
1,down,1.471,0.6,9.68
1,down,1.471,0.7,10.24
1,down,1.471,0.8,10.24
1,down,1.471,0.9,10.04
1,down,1.471,1.0,10.17
1,down,1.471,1.1,9.84
1,down,1.471,1.2,9.99
1,down,1.471,1.3,9.96
1,down,1.471,1.4,10.08
1,down,1.471,1.5,9.95
1,down,1.471,1.6,10.06
1,down,1.471,1.7,10.0
1,down,1.471,1.8,9.89
1,down,1.471,1.9,9.84
1,down,1.471,2.0,10.18
1,down,1.471,2.1,9.85
1,down,1.471,2.3,10.14
1,down,1.471,2.4,9.93
1,down,1.471,2.5,10.19
1,down,1.471,2.6,10.32
1,down,1.471,2.7,9.92
1,down,1.471,2.8,10.3
1,down,1.471,2.9,10.03
1,down,1.471,3.0,9.97
1,down,1.471,3.1,10.18
1,down,1.471,3.2,10.18
1,down,1.471,3.3,10.02
1,down,1.471,3.4,9.94
1,down,1.471,3.5,9.83
1,down,1.471,3.6,10.15
1,down,1.471,3.7,9.87
1,down,1.471,3.8,10.1
1,down,1.471,3.9,10.14
1,down,1.471,4.0,9.86
1,down,1.176,0.0,9.8
1,down,1.176,0.1,9.7
1,down,1.176,0.2,9.8
1,down,1.176,0.3,9.95
1,down,1.176,0.4,9.88
1,down,1.176,0.5,9.57
1,down,1.176,0.6,9.57
1,down,1.176,0.7,9.94
1,down,1.176,0.8,9.81
1,down,1.176,0.9,9.64
1,down,1.176,1.1,9.83
1,down,1.176,1.2,9.61
1,down,1.176,1.3,9.54
1,down,1.176,1.4,9.72
1,down,1.176,1.5,9.86
1,down,1.176,1.6,9.53
1,down,1.176,1.7,9.9
1,down,1.176,1.8,9.83
1,down,1.176,1.9,9.62
1,down,1.176,2.0,9.62
1,down,1.176,2.1,9.9
1,down,1.176,2.2,9.47
1,down,1.176,2.3,9.62
1,down,1.176,2.4,9.69
1,down,1.176,2.5,10.0
1,down,1.176,2.6,9.77
1,down,1.176,2.7,9.47
1,down,1.176,2.8,9.75
1,down,1.176,2.9,9.57
1,down,1.176,3.2,9.97
1,down,1.176,3.3,9.57
1,down,1.176,3.4,9.65
1,down,1.176,3.5,9.88
1,down,1.176,3.6,9.99
1,down,1.176,3.7,9.73
1,down,1.176,3.8,9.6
1,down,1.176,3.9,9.97
1,down,1.176,4.0,9.96
1,down,1.176,4.1,10.46
1,down,1.176,4.2,9.58
1,down,0.882,0.0,11.51
1,down,0.882,0.1,9.49
1,down,0.882,0.2,9.51
1,down,0.882,0.3,9.25
1,down,0.882,0.4,9.53
1,down,0.882,0.5,9.62
1,down,0.882,0.6,8.14
1,down,0.882,0.7,9.22
1,down,0.882,0.8,9.47
1,down,0.882,0.9,9.29
1,down,0.882,1.0,9.53
1,down,0.882,1.1,9.4
1,down,0.882,1.2,9.36
1,down,0.882,1.3,9.53
1,down,0.882,1.4,9.55
1,down,0.882,1.5,9.66
1,down,0.882,1.6,9.54
1,down,0.882,1.7,9.61
1,down,0.882,1.8,9.29
1,down,0.882,1.9,9.56
1,down,0.882,2.0,9.3
1,down,0.882,2.1,9.58
1,down,0.882,2.2,9.49
1,down,0.882,2.3,9.37
1,down,0.882,2.5,9.43
1,down,0.882,2.6,9.42
1,down,0.882,2.7,9.31
1,down,0.882,2.8,9.48
1,down,0.882,2.9,9.34
1,down,0.882,3.0,9.4
1,down,0.882,3.1,9.39
1,down,0.882,3.2,9.34
1,down,0.882,3.3,9.41
1,down,0.882,3.4,9.4
1,down,0.882,3.5,9.31
1,down,0.882,3.6,9.45
1,down,0.882,3.7,9.28
1,down,0.882,3.8,10.82
1,down,0.882,3.9,9.14
1,down,0.882,4.0,9.14
1,down,0.588,0.0,9.23
1,down,0.588,0.1,9.28
1,down,0.588,0.2,8.99
1,down,0.588,0.3,9.33
1,down,0.588,0.4,9.14
1,down,0.588,0.5,9.23
1,down,0.588,0.6,9.31
1,down,0.588,0.7,9.27
1,down,0.588,0.8,9.32
1,down,0.588,0.9,9.18
1,down,0.588,1.0,9.22
1,down,0.588,1.1,9.0
1,down,0.588,1.2,8.97
1,down,0.588,1.3,7.55
1,down,0.588,1.4,8.93
1,down,0.588,1.5,9.03
1,down,0.588,1.6,9.21
1,down,0.588,1.7,9.24
1,down,0.588,1.8,9.21
1,down,0.588,1.9,9.01
1,down,0.588,2.0,9.08
1,down,0.588,2.1,9.26
1,down,0.588,2.2,9.17
1,down,0.588,2.3,9.49
1,down,0.588,2.4,9.37
1,down,0.588,2.5,9.31
1,down,0.588,2.6,8.43
1,down,0.588,2.7,9.02
1,down,0.588,2.8,9.24
1,down,0.588,2.9,9.2
1,down,0.588,3.0,9.06
1,down,0.588,3.1,9.23
1,down,0.588,3.2,9.17
1,down,0.588,3.3,9.0
1,down,0.588,3.4,9.03
1,down,0.588,3.5,9.23
1,down,0.588,3.6,9.34
1,down,0.588,3.7,9.03
1,down,0.588,3.8,9.11
1,down,0.588,3.9,9.16
1,down,0.294,0.0,8.97
1,down,0.294,0.1,9.22
1,down,0.294,0.2,8.7
1,down,0.294,0.3,9.16
1,down,0.294,0.4,9.04
1,down,0.294,0.5,9.03
1,down,0.294,0.6,8.94
1,down,0.294,0.7,10.08
1,down,0.294,0.8,8.87
1,down,0.294,0.9,9.04
1,down,0.294,1.0,8.77
1,down,0.294,1.2,9.32
1,down,0.294,1.3,8.8
1,down,0.294,1.4,9.03
1,down,0.294,1.5,8.71
1,down,0.294,1.6,8.97
1,down,0.294,1.7,9.03
1,down,0.294,1.8,8.74
1,down,0.294,1.9,9.14
1,down,0.294,2.0,8.98
1,down,0.294,2.1,8.97
1,down,0.294,2.2,9.11
1,down,0.294,2.3,10.27
1,down,0.294,2.4,9.0
1,down,0.294,2.5,8.82
1,down,0.294,2.6,8.95
1,down,0.294,2.7,9.03
1,down,0.294,2.8,8.87
1,down,0.294,2.9,8.96
1,down,0.294,3.0,8.94
1,down,0.294,3.1,8.95
1,down,0.294,3.2,9.05
1,down,0.294,3.3,10.78
1,down,0.294,3.4,8.97
1,down,0.294,3.5,8.82
1,down,0.294,3.6,8.81
1,down,0.294,3.7,8.99
1,down,0.294,3.8,8.62
1,down,0.294,3.9,8.73
1,down,0.294,4.0,9.08
1,down,0.0,0.0,8.56
1,down,0.0,0.1,8.58
1,down,0.0,0.2,8.83
1,down,0.0,0.3,8.6
1,down,0.0,0.4,8.54
1,down,0.0,0.5,8.65
1,down,0.0,0.7,8.57
1,down,0.0,0.8,8.57
1,down,0.0,1.0,8.64
1,down,0.0,1.1,8.5
1,down,0.0,1.2,8.8
1,down,0.0,1.3,8.74
1,down,0.0,1.4,8.48
1,down,0.0,1.5,8.55
1,down,0.0,1.6,8.72
1,down,0.0,1.7,8.34
1,down,0.0,1.8,8.58
1,down,0.0,1.9,8.46
1,down,0.0,2.0,8.85
1,down,0.0,2.1,9.93
1,down,0.0,2.2,8.63
1,down,0.0,2.3,8.8
1,down,0.0,2.4,8.58
1,down,0.0,2.5,8.81
1,down,0.0,2.6,8.74
1,down,0.0,2.7,8.83
1,down,0.0,2.8,8.46
1,down,0.0,2.9,8.63
1,down,0.0,3.0,8.55
1,down,0.0,3.1,9.01
1,down,0.0,3.2,8.96
1,down,0.0,3.3,8.56
1,down,0.0,3.4,8.67
1,down,0.0,3.5,8.68
1,down,0.0,3.6,8.5
1,down,0.0,3.7,8.6
1,down,0.0,3.8,8.52
1,down,0.0,3.9,8.9
1,down,0.0,4.0,8.46
1,down,0.0,4.1,8.55
